<?xml version="1.0" encoding="UTF-8" standalone="yes"?>
<addon id="repository.techdealer" name="Techdealer Repo" version="1.0.1" provider-name="Techdealer">
	<extension point="xbmc.addon.repository" name="Techdealer Repo">
		<info compressed="false">https://techdealer-xbmc.googlecode.com/svn/trunk/addons.xml</info>
		<checksum>https://techdealer-xbmc.googlecode.com/svn/trunk/addons.xml.md5</checksum>
		<datadir zip="false">https://techdealer-xbmc.googlecode.com/svn/trunk/</datadir>
	</extension>
	<extension point="xbmc.addon.metadata">
		<summary>Techdealer Repo</summary>
		<description>Techdealer XBMC repo</description>
		<disclaimer></disclaimer>
		<platform>all</platform>
	</extension>
</addon>